{"portfolio_holdings": {"labels": ["-1-1-1", "-1-10", "-1-11", "-10-1", "-100", "-101", "-11-1", "-110", "-111", "0-1-1", "0-10", "0-11", "00-1", "000", "001", "01-1", "010", "011", "1-1-1", "1-10", "1-11", "10-1", "100", "101", "11-1", "110", "111"], "counts": [0, 0, 0, 0, 0, 0, 0, 0, 0, 0, 0, 0, 0, 0, 0, 0, 0, 33, 0, 0, 0, 0, 0, 8, 0, 9, 0], "probability": [0.0, 0.0, 0.0, 0.0, 0.0, 0.0, 0.0, 0.0, 0.0, 0.0, 0.0, 0.0, 0.0, 0.0, 0.0, 0.0, 0.0, 0.66, 0.0, 0.0, 0.0, 0.0, 0.0, 0.16, 0.0, 0.18, 0.0], "state_vector": [[-1, -1, -1], [-1, -1, 0], [-1, -1, 1], [-1, 0, -1], [-1, 0, 0], [-1, 0, 1], [-1, 1, -1], [-1, 1, 0], [-1, 1, 1], [0, -1, -1], [0, -1, 0], [0, -1, 1], [0, 0, -1], [0, 0, 0], [0, 0, 1], [0, 1, -1], [0, 1, 0], [0, 1, 1], [1, -1, -1], [1, -1, 0], [1, -1, 1], [1, 0, -1], [1, 0, 0], [1, 0, 1], [1, 1, -1], [1, 1, 0], [1, 1, 1]]}, "best_solutions": {"minimum_cost": 0.00018825000000000008, "minimum_cost_states": [[1, 0, 1]], "minimum_cost_probabilities": [0.16]}, "optimal_gammas": [0.06335047553974424, 0.9475055072507645, 0.9719677644959814, 0.9002845391002883], "optimal_betas": [0.8983397267923567, 0.4350897770968442, 0.6159654950611633, 0.6000682058872274], "optimal_energy_measurement": 0.00021975660000000003}