{"portfolio_holdings": {"labels": ["-1-1-1", "-1-10", "-1-11", "-10-1", "-100", "-101", "-11-1", "-110", "-111", "0-1-1", "0-10", "0-11", "00-1", "000", "001", "01-1", "010", "011", "1-1-1", "1-10", "1-11", "10-1", "100", "101", "11-1", "110", "111"], "counts": [1, 1, 1, 0, 3, 1, 1, 2, 1, 2, 6, 1, 5, 6, 4, 1, 3, 0, 2, 1, 0, 2, 2, 1, 1, 1, 1], "probability": [0.02, 0.02, 0.02, 0.0, 0.06, 0.02, 0.02, 0.04, 0.02, 0.04, 0.12, 0.02, 0.1, 0.12, 0.08, 0.02, 0.06, 0.0, 0.04, 0.02, 0.0, 0.04, 0.04, 0.02, 0.02, 0.02, 0.02], "state_vector": [[-1, -1, -1], [-1, -1, 0], [-1, -1, 1], [-1, 0, -1], [-1, 0, 0], [-1, 0, 1], [-1, 1, -1], [-1, 1, 0], [-1, 1, 1], [0, -1, -1], [0, -1, 0], [0, -1, 1], [0, 0, -1], [0, 0, 0], [0, 0, 1], [0, 1, -1], [0, 1, 0], [0, 1, 1], [1, -1, -1], [1, -1, 0], [1, -1, 1], [1, 0, -1], [1, 0, 0], [1, 0, 1], [1, 1, -1], [1, 1, 0], [1, 1, 1]]}, "best_solutions": {"minimum_cost": 0.00018825000000000008, "minimum_cost_states": [[1, 0, 1]], "minimum_cost_probabilities": [0.02]}, "optimal_gammas": [0.3288459222343902, 0.28128286368546473], "optimal_betas": [0.2158092958804255, 0.2585394152790681], "optimal_energy_measurement": 0.1819738602}