{"portfolio_holdings": {"labels": ["-1-1-1", "-1-10", "-1-11", "-10-1", "-100", "-101", "-11-1", "-110", "-111", "0-1-1", "0-10", "0-11", "00-1", "000", "001", "01-1", "010", "011", "1-1-1", "1-10", "1-11", "10-1", "100", "101", "11-1", "110", "111"], "counts": [7, 1, 0, 5, 3, 1, 1, 0, 0, 7, 1, 1, 5, 1, 1, 1, 0, 2, 0, 1, 0, 1, 0, 2, 1, 1, 7], "probability": [0.14, 0.02, 0.0, 0.1, 0.06, 0.02, 0.02, 0.0, 0.0, 0.14, 0.02, 0.02, 0.1, 0.02, 0.02, 0.02, 0.0, 0.04, 0.0, 0.02, 0.0, 0.02, 0.0, 0.04, 0.02, 0.02, 0.14], "state_vector": [[-1, -1, -1], [-1, -1, 0], [-1, -1, 1], [-1, 0, -1], [-1, 0, 0], [-1, 0, 1], [-1, 1, -1], [-1, 1, 0], [-1, 1, 1], [0, -1, -1], [0, -1, 0], [0, -1, 1], [0, 0, -1], [0, 0, 0], [0, 0, 1], [0, 1, -1], [0, 1, 0], [0, 1, 1], [1, -1, -1], [1, -1, 0], [1, -1, 1], [1, 0, -1], [1, 0, 0], [1, 0, 1], [1, 1, -1], [1, 1, 0], [1, 1, 1]]}, "best_solutions": {"minimum_cost": 0.00018825000000000008, "minimum_cost_states": [[1, 0, 1]], "minimum_cost_probabilities": [0.04]}, "optimal_gammas": [7.440653414919719, -42.58320650818534, 0.26946243934146774, 6.654997489307001], "optimal_betas": [2.5592756044605047, -1.3792224694233153, -1.161894222531035, 1.7109836279505548], "optimal_energy_measurement": 0.3039556054000001}