{"portfolio_holdings": {"labels": ["-1-1-1", "-1-10", "-1-11", "-10-1", "-100", "-101", "-11-1", "-110", "-111", "0-1-1", "0-10", "0-11", "00-1", "000", "001", "01-1", "010", "011", "1-1-1", "1-10", "1-11", "10-1", "100", "101", "11-1", "110", "111"], "counts": [0, 1, 1, 2, 4, 4, 2, 0, 0, 2, 1, 4, 6, 6, 3, 2, 3, 3, 0, 1, 0, 3, 0, 1, 0, 0, 1], "probability": [0.0, 0.02, 0.02, 0.04, 0.08, 0.08, 0.04, 0.0, 0.0, 0.04, 0.02, 0.08, 0.12, 0.12, 0.06, 0.04, 0.06, 0.06, 0.0, 0.02, 0.0, 0.06, 0.0, 0.02, 0.0, 0.0, 0.02], "state_vector": [[-1, -1, -1], [-1, -1, 0], [-1, -1, 1], [-1, 0, -1], [-1, 0, 0], [-1, 0, 1], [-1, 1, -1], [-1, 1, 0], [-1, 1, 1], [0, -1, -1], [0, -1, 0], [0, -1, 1], [0, 0, -1], [0, 0, 0], [0, 0, 1], [0, 1, -1], [0, 1, 0], [0, 1, 1], [1, -1, -1], [1, -1, 0], [1, -1, 1], [1, 0, -1], [1, 0, 0], [1, 0, 1], [1, 1, -1], [1, 1, 0], [1, 1, 1]]}, "best_solutions": {"minimum_cost": 0.00018825000000000008, "minimum_cost_states": [[1, 0, 1]], "minimum_cost_probabilities": [0.02]}, "optimal_gammas": [-22.446600500269557, -1.5849887468914408], "optimal_betas": [1.1762154341294815, 0.47317871539879763], "optimal_energy_measurement": 0.1759840494}