{"portfolio_holdings": {"labels": ["-1-1-1", "-1-10", "-1-11", "-10-1", "-100", "-101", "-11-1", "-110", "-111", "0-1-1", "0-10", "0-11", "00-1", "000", "001", "01-1", "010", "011", "1-1-1", "1-10", "1-11", "10-1", "100", "101", "11-1", "110", "111"], "counts": [1, 3, 2, 5, 5, 0, 2, 0, 1, 5, 3, 1, 3, 4, 3, 1, 2, 2, 2, 0, 0, 1, 2, 0, 1, 1, 0], "probability": [0.02, 0.06, 0.04, 0.1, 0.1, 0.0, 0.04, 0.0, 0.02, 0.1, 0.06, 0.02, 0.06, 0.08, 0.06, 0.02, 0.04, 0.04, 0.04, 0.0, 0.0, 0.02, 0.04, 0.0, 0.02, 0.02, 0.0], "state_vector": [[-1, -1, -1], [-1, -1, 0], [-1, -1, 1], [-1, 0, -1], [-1, 0, 0], [-1, 0, 1], [-1, 1, -1], [-1, 1, 0], [-1, 1, 1], [0, -1, -1], [0, -1, 0], [0, -1, 1], [0, 0, -1], [0, 0, 0], [0, 0, 1], [0, 1, -1], [0, 1, 0], [0, 1, 1], [1, -1, -1], [1, -1, 0], [1, -1, 1], [1, 0, -1], [1, 0, 0], [1, 0, 1], [1, 1, -1], [1, 1, 0], [1, 1, 1]]}, "best_solutions": {"minimum_cost": 0.00021057000000000004, "minimum_cost_states": [[1, 1, 0]], "minimum_cost_probabilities": [0.02]}, "optimal_gammas": [0.562154814091653, 0.759972834186041, 0.04043803119222622], "optimal_betas": [0.25890381038303467, 0.22248607765904668, 0.3522646724602171], "optimal_energy_measurement": 0.25403776100000003}