{"portfolio_holdings": {"labels": ["-1-1-1", "-1-10", "-1-11", "-10-1", "-100", "-101", "-11-1", "-110", "-111", "0-1-1", "0-10", "0-11", "00-1", "000", "001", "01-1", "010", "011", "1-1-1", "1-10", "1-11", "10-1", "100", "101", "11-1", "110", "111"], "counts": [1, 1, 3, 2, 1, 2, 0, 2, 0, 2, 6, 2, 4, 5, 2, 4, 2, 1, 0, 2, 1, 1, 2, 2, 0, 2, 0], "probability": [0.02, 0.02, 0.06, 0.04, 0.02, 0.04, 0.0, 0.04, 0.0, 0.04, 0.12, 0.04, 0.08, 0.1, 0.04, 0.08, 0.04, 0.02, 0.0, 0.04, 0.02, 0.02, 0.04, 0.04, 0.0, 0.04, 0.0], "state_vector": [[-1, -1, -1], [-1, -1, 0], [-1, -1, 1], [-1, 0, -1], [-1, 0, 0], [-1, 0, 1], [-1, 1, -1], [-1, 1, 0], [-1, 1, 1], [0, -1, -1], [0, -1, 0], [0, -1, 1], [0, 0, -1], [0, 0, 0], [0, 0, 1], [0, 1, -1], [0, 1, 0], [0, 1, 1], [1, -1, -1], [1, -1, 0], [1, -1, 1], [1, 0, -1], [1, 0, 0], [1, 0, 1], [1, 1, -1], [1, 1, 0], [1, 1, 1]]}, "best_solutions": {"minimum_cost": 0.00018825000000000008, "minimum_cost_states": [[1, 0, 1]], "minimum_cost_probabilities": [0.04]}, "optimal_gammas": [0.507276817259207, 0.3032582512082844, 0.33440892605210737, 0.5742890531032462], "optimal_betas": [0.49784008947572567, 0.15255313475907328, 0.9604549722266117, 0.44027519041381746], "optimal_energy_measurement": 0.18617856600000005}