{"portfolio_holdings": {"labels": ["-1-1-1", "-1-10", "-1-11", "-10-1", "-100", "-101", "-11-1", "-110", "-111", "0-1-1", "0-10", "0-11", "00-1", "000", "001", "01-1", "010", "011", "1-1-1", "1-10", "1-11", "10-1", "100", "101", "11-1", "110", "111"], "counts": [0, 0, 0, 0, 0, 0, 0, 2, 2, 0, 1, 1, 1, 3, 7, 1, 6, 11, 0, 1, 4, 1, 5, 13, 1, 13, 27], "probability": [0.0, 0.0, 0.0, 0.0, 0.0, 0.0, 0.0, 0.02, 0.02, 0.0, 0.01, 0.01, 0.01, 0.03, 0.07, 0.01, 0.06, 0.11, 0.0, 0.01, 0.04, 0.01, 0.05, 0.13, 0.01, 0.13, 0.27], "state_vector": [[-1, -1, -1], [-1, -1, 0], [-1, -1, 1], [-1, 0, -1], [-1, 0, 0], [-1, 0, 1], [-1, 1, -1], [-1, 1, 0], [-1, 1, 1], [0, -1, -1], [0, -1, 0], [0, -1, 1], [0, 0, -1], [0, 0, 0], [0, 0, 1], [0, 1, -1], [0, 1, 0], [0, 1, 1], [1, -1, -1], [1, -1, 0], [1, -1, 1], [1, 0, -1], [1, 0, 0], [1, 0, 1], [1, 1, -1], [1, 1, 0], [1, 1, 1]]}, "best_solutions": {"minimum_cost": 0.00018825000000000008, "minimum_cost_states": [[1, 0, 1]], "minimum_cost_probabilities": [0.13]}, "optimal_gammas": [5.9852172277214635, 0.4791078039516057, 1.5131723614016999, 4.780985739026514], "optimal_betas": [6.580146446868335, 3.820164887574376, -0.8587654951862888, 2.763377619512557], "optimal_energy_measurement": 0.0320298025}