{"portfolio_holdings": {"labels": ["-1-1-1", "-1-10", "-1-11", "-10-1", "-100", "-101", "-11-1", "-110", "-111", "0-1-1", "0-10", "0-11", "00-1", "000", "001", "01-1", "010", "011", "1-1-1", "1-10", "1-11", "10-1", "100", "101", "11-1", "110", "111"], "counts": [0, 0, 0, 0, 0, 0, 0, 0, 2, 0, 0, 0, 0, 0, 6, 0, 5, 14, 0, 0, 0, 0, 11, 21, 3, 12, 26], "probability": [0.0, 0.0, 0.0, 0.0, 0.0, 0.0, 0.0, 0.0, 0.02, 0.0, 0.0, 0.0, 0.0, 0.0, 0.06, 0.0, 0.05, 0.14, 0.0, 0.0, 0.0, 0.0, 0.11, 0.21, 0.03, 0.12, 0.26], "state_vector": [[-1, -1, -1], [-1, -1, 0], [-1, -1, 1], [-1, 0, -1], [-1, 0, 0], [-1, 0, 1], [-1, 1, -1], [-1, 1, 0], [-1, 1, 1], [0, -1, -1], [0, -1, 0], [0, -1, 1], [0, 0, -1], [0, 0, 0], [0, 0, 1], [0, 1, -1], [0, 1, 0], [0, 1, 1], [1, -1, -1], [1, -1, 0], [1, -1, 1], [1, 0, -1], [1, 0, 0], [1, 0, 1], [1, 1, -1], [1, 1, 0], [1, 1, 1]]}, "best_solutions": {"minimum_cost": 0.00018825000000000008, "minimum_cost_states": [[1, 0, 1]], "minimum_cost_probabilities": [0.21]}, "optimal_gammas": [6.6188303445276375], "optimal_betas": [2.1588902975200477], "optimal_energy_measurement": 0.0161350278}