{"portfolio_holdings": {"labels": ["-1-1-1", "-1-10", "-1-11", "-10-1", "-100", "-101", "-11-1", "-110", "-111", "0-1-1", "0-10", "0-11", "00-1", "000", "001", "01-1", "010", "011", "1-1-1", "1-10", "1-11", "10-1", "100", "101", "11-1", "110", "111"], "counts": [1, 5, 2, 3, 7, 1, 0, 0, 0, 6, 7, 1, 5, 6, 1, 1, 0, 0, 1, 1, 0, 0, 2, 0, 0, 0, 0], "probability": [0.02, 0.1, 0.04, 0.06, 0.14, 0.02, 0.0, 0.0, 0.0, 0.12, 0.14, 0.02, 0.1, 0.12, 0.02, 0.02, 0.0, 0.0, 0.02, 0.02, 0.0, 0.0, 0.04, 0.0, 0.0, 0.0, 0.0], "state_vector": [[-1, -1, -1], [-1, -1, 0], [-1, -1, 1], [-1, 0, -1], [-1, 0, 0], [-1, 0, 1], [-1, 1, -1], [-1, 1, 0], [-1, 1, 1], [0, -1, -1], [0, -1, 0], [0, -1, 1], [0, 0, -1], [0, 0, 0], [0, 0, 1], [0, 1, -1], [0, 1, 0], [0, 1, 1], [1, -1, -1], [1, -1, 0], [1, -1, 1], [1, 0, -1], [1, 0, 0], [1, 0, 1], [1, 1, -1], [1, 1, 0], [1, 1, 1]]}, "best_solutions": {"minimum_cost": 0.03004972, "minimum_cost_states": [[1, 0, 0]], "minimum_cost_probabilities": [0.04]}, "optimal_gammas": [-8.53008475534255], "optimal_betas": [2.995914312696258], "optimal_energy_measurement": 0.29421025540000006}