{"portfolio_holdings": {"labels": ["-1-1-1", "-1-10", "-1-11", "-10-1", "-100", "-101", "-11-1", "-110", "-111", "0-1-1", "0-10", "0-11", "00-1", "000", "001", "01-1", "010", "011", "1-1-1", "1-10", "1-11", "10-1", "100", "101", "11-1", "110", "111"], "counts": [1, 1, 2, 5, 7, 1, 0, 2, 1, 2, 1, 0, 0, 2, 4, 0, 4, 4, 1, 1, 1, 4, 3, 0, 1, 0, 2], "probability": [0.02, 0.02, 0.04, 0.1, 0.14, 0.02, 0.0, 0.04, 0.02, 0.04, 0.02, 0.0, 0.0, 0.04, 0.08, 0.0, 0.08, 0.08, 0.02, 0.02, 0.02, 0.08, 0.06, 0.0, 0.02, 0.0, 0.04], "state_vector": [[-1, -1, -1], [-1, -1, 0], [-1, -1, 1], [-1, 0, -1], [-1, 0, 0], [-1, 0, 1], [-1, 1, -1], [-1, 1, 0], [-1, 1, 1], [0, -1, -1], [0, -1, 0], [0, -1, 1], [0, 0, -1], [0, 0, 0], [0, 0, 1], [0, 1, -1], [0, 1, 0], [0, 1, 1], [1, -1, -1], [1, -1, 0], [1, -1, 1], [1, 0, -1], [1, 0, 0], [1, 0, 1], [1, 1, -1], [1, 1, 0], [1, 1, 1]]}, "best_solutions": {"minimum_cost": 0.0002299, "minimum_cost_states": [[0, 1, 1]], "minimum_cost_probabilities": [0.08]}, "optimal_gammas": [0.5353399252545912], "optimal_betas": [0.8241092494540176], "optimal_energy_measurement": 0.18501117779999998}