{"portfolio_holdings": {"labels": ["-1-1", "-10", "-11", "0-1", "00", "01", "1-1", "10", "11"], "counts": [0, 0, 0, 0, 0, 1, 0, 49, 0], "probability": [0.0, 0.0, 0.0, 0.0, 0.0, 0.02, 0.0, 0.98, 0.0], "state_vector": [[-1, -1], [-1, 0], [-1, 1], [0, -1], [0, 0], [0, 1], [1, -1], [1, 0], [1, 1]]}, "best_solutions": {"minimum_cost": 4.972000000000001e-05, "minimum_cost_states": [[1, 0]], "minimum_cost_probabilities": [0.98]}, "optimal_gammas": [0.07759720132268791, 0.8572503944925952, 0.9602727713097836], "optimal_betas": [0.6325102787969905, 0.8149931647404851, 0.9394934028975083], "optimal_energy_measurement": 5.041260000000001e-05}