{"portfolio_holdings": {"labels": ["-1-1", "-10", "-11", "0-1", "00", "01", "1-1", "10", "11"], "counts": [0, 0, 0, 0, 0, 6, 0, 44, 0], "probability": [0.0, 0.0, 0.0, 0.0, 0.0, 0.12, 0.0, 0.88, 0.0], "state_vector": [[-1, -1], [-1, 0], [-1, 1], [0, -1], [0, 0], [0, 1], [1, -1], [1, 0], [1, 1]]}, "best_solutions": {"minimum_cost": 4.972000000000001e-05, "minimum_cost_states": [[1, 0]], "minimum_cost_probabilities": [0.88]}, "optimal_gammas": [0.3997744029719139, 0.540145747529206], "optimal_betas": [0.006459961574076814, 0.6794627828109663], "optimal_energy_measurement": 5.387560000000001e-05}