{"portfolio_holdings": {"labels": ["-1-1", "-10", "-11", "0-1", "00", "01", "1-1", "10", "11"], "counts": [0, 0, 0, 0, 0, 0, 0, 50, 0], "probability": [0.0, 0.0, 0.0, 0.0, 0.0, 0.0, 0.0, 1.0, 0.0], "state_vector": [[-1, -1], [-1, 0], [-1, 1], [0, -1], [0, 0], [0, 1], [1, -1], [1, 0], [1, 1]]}, "best_solutions": {"minimum_cost": 4.972000000000001e-05, "minimum_cost_states": [[1, 0]], "minimum_cost_probabilities": [1.0]}, "optimal_gammas": [0.7203490281603175, 0.9855727186333092, 0.30280270358284445, 0.9910270138935281], "optimal_betas": [0.3627304098873265, 0.7080676715651851, 0.8976091081959954, 0.4481711294754871], "optimal_energy_measurement": 4.972000000000001e-05}