{"portfolio_holdings": {"labels": ["-1-1", "-10", "-11", "0-1", "00", "01", "1-1", "10", "11"], "counts": [2, 6, 4, 8, 15, 6, 2, 5, 2], "probability": [0.04, 0.12, 0.08, 0.16, 0.3, 0.12, 0.04, 0.1, 0.04], "state_vector": [[-1, -1], [-1, 0], [-1, 1], [0, -1], [0, 0], [0, 1], [1, -1], [1, 0], [1, 1]]}, "best_solutions": {"minimum_cost": 4.972000000000001e-05, "minimum_cost_states": [[1, 0]], "minimum_cost_probabilities": [0.1]}, "optimal_gammas": [0.842868434836032], "optimal_betas": [0.8255484530699735], "optimal_energy_measurement": 0.0582804864}