{"portfolio_holdings": {"labels": ["-1-1", "-10", "-11", "0-1", "00", "01", "1-1", "10", "11"], "counts": [0, 2, 3, 1, 15, 28, 3, 24, 24], "probability": [0.0, 0.02, 0.03, 0.01, 0.15, 0.28, 0.03, 0.24, 0.24], "state_vector": [[-1, -1], [-1, 0], [-1, 1], [0, -1], [0, 0], [0, 1], [1, -1], [1, 0], [1, 1]]}, "best_solutions": {"minimum_cost": 4.972000000000001e-05, "minimum_cost_states": [[1, 0]], "minimum_cost_probabilities": [0.24]}, "optimal_gammas": [4.8994892158211325, 5.801583000018629, 1.229544222941002], "optimal_betas": [-0.0977738347640305, 3.0805153689534697, 5.259360650754864], "optimal_energy_measurement": 0.017195877699999997}