{"portfolio_holdings": {"labels": ["-1-1", "-10", "-11", "0-1", "00", "01", "1-1", "10", "11"], "counts": [2, 10, 4, 5, 8, 9, 1, 7, 4], "probability": [0.04, 0.2, 0.08, 0.1, 0.16, 0.18, 0.02, 0.14, 0.08], "state_vector": [[-1, -1], [-1, 0], [-1, 1], [0, -1], [0, 0], [0, 1], [1, -1], [1, 0], [1, 1]]}, "best_solutions": {"minimum_cost": 4.972000000000001e-05, "minimum_cost_states": [[1, 0]], "minimum_cost_probabilities": [0.14]}, "optimal_gammas": [0.5132503642263713, 0.024773789181474798], "optimal_betas": [0.8703915114296845, 0.9819330260734078], "optimal_energy_measurement": 0.057099164200000004}