{"portfolio_holdings": {"labels": ["-1-1", "-10", "-11", "0-1", "00", "01", "1-1", "10", "11"], "counts": [0, 1, 9, 2, 16, 7, 4, 9, 2], "probability": [0.0, 0.02, 0.18, 0.04, 0.32, 0.14, 0.08, 0.18, 0.04], "state_vector": [[-1, -1], [-1, 0], [-1, 1], [0, -1], [0, 0], [0, 1], [1, -1], [1, 0], [1, 1]]}, "best_solutions": {"minimum_cost": 4.972000000000001e-05, "minimum_cost_states": [[1, 0]], "minimum_cost_probabilities": [0.18]}, "optimal_gammas": [193.06374139888288, 23.875669827316873, 1113.685050940134, 9.787704203738343], "optimal_betas": [3808.9804702311358, -0.9036788504217165, -851.4281513412974, 0.6696438169301436], "optimal_energy_measurement": 0.025866022}