{"portfolio_holdings": {"labels": ["-1-1", "-10", "-11", "0-1", "00", "01", "1-1", "10", "11"], "counts": [0, 5, 2, 7, 8, 12, 5, 6, 5], "probability": [0.0, 0.1, 0.04, 0.14, 0.16, 0.24, 0.1, 0.12, 0.1], "state_vector": [[-1, -1], [-1, 0], [-1, 1], [0, -1], [0, 0], [0, 1], [1, -1], [1, 0], [1, 1]]}, "best_solutions": {"minimum_cost": 4.972000000000001e-05, "minimum_cost_states": [[1, 0]], "minimum_cost_probabilities": [0.12]}, "optimal_gammas": [-2.4224115475996166, -0.8160742639793812], "optimal_betas": [-0.7845122382712826, -0.9960072496855457], "optimal_energy_measurement": 0.04088626420000001}