{"portfolio_holdings": {"labels": ["-1-1", "-10", "-11", "0-1", "00", "01", "1-1", "10", "11"], "counts": [2, 4, 4, 9, 7, 5, 4, 8, 7], "probability": [0.04, 0.08, 0.08, 0.18, 0.14, 0.1, 0.08, 0.16, 0.14], "state_vector": [[-1, -1], [-1, 0], [-1, 1], [0, -1], [0, 0], [0, 1], [1, -1], [1, 0], [1, 1]]}, "best_solutions": {"minimum_cost": 4.972000000000001e-05, "minimum_cost_states": [[1, 0]], "minimum_cost_probabilities": [0.16]}, "optimal_gammas": [0.20559292439504348, 0.3387272022812803, 0.14525823542596528], "optimal_betas": [0.6121431185597425, 0.6036395325736947, 0.37348220943282373], "optimal_energy_measurement": 0.0553023646}