{"portfolio_holdings": {"labels": ["-1-1", "-10", "-11", "0-1", "00", "01", "1-1", "10", "11"], "counts": [2, 7, 3, 6, 14, 5, 6, 6, 1], "probability": [0.04, 0.14, 0.06, 0.12, 0.28, 0.1, 0.12, 0.12, 0.02], "state_vector": [[-1, -1], [-1, 0], [-1, 1], [0, -1], [0, 0], [0, 1], [1, -1], [1, 0], [1, 1]]}, "best_solutions": {"minimum_cost": 4.972000000000001e-05, "minimum_cost_states": [[1, 0]], "minimum_cost_probabilities": [0.12]}, "optimal_gammas": [0.3956078090528157, 0.7437168575188433, 0.2748635642565451, 0.1049357619616495], "optimal_betas": [0.10228214607597347, 0.43667646785019326, 0.02662412595774777, 0.9364570903972183], "optimal_energy_measurement": 0.056477145}