{"portfolio_holdings": {"labels": ["-1-1", "-10", "-11", "0-1", "00", "01", "1-1", "10", "11"], "counts": [4, 10, 7, 10, 31, 19, 6, 5, 8], "probability": [0.04, 0.1, 0.07, 0.1, 0.31, 0.19, 0.06, 0.05, 0.08], "state_vector": [[-1, -1], [-1, 0], [-1, 1], [0, -1], [0, 0], [0, 1], [1, -1], [1, 0], [1, 1]]}, "best_solutions": {"minimum_cost": 4.972000000000001e-05, "minimum_cost_states": [[1, 0]], "minimum_cost_probabilities": [0.05]}, "optimal_gammas": [3.0350550164737014], "optimal_betas": [2.2222216537972574], "optimal_energy_measurement": 0.05048395400000001}