{"portfolio_holdings": {"labels": ["-1-1", "-10", "-11", "0-1", "00", "01", "1-1", "10", "11"], "counts": [0, 0, 3, 2, 9, 13, 2, 12, 9], "probability": [0.0, 0.0, 0.06, 0.04, 0.18, 0.26, 0.04, 0.24, 0.18], "state_vector": [[-1, -1], [-1, 0], [-1, 1], [0, -1], [0, 0], [0, 1], [1, -1], [1, 0], [1, 1]]}, "best_solutions": {"minimum_cost": 4.972000000000001e-05, "minimum_cost_states": [[1, 0]], "minimum_cost_probabilities": [0.24]}, "optimal_gammas": [15.551989822830883, -5.63925939550824, 1.120333212757207], "optimal_betas": [34.289962649772335, -73.68477680209219, 0.6754194372577456], "optimal_energy_measurement": 0.0186866854}