{"portfolio_holdings": {"labels": ["-1-1", "-10", "-11", "0-1", "00", "01", "1-1", "10", "11"], "counts": [2, 6, 5, 6, 12, 10, 3, 4, 2], "probability": [0.04, 0.12, 0.1, 0.12, 0.24, 0.2, 0.06, 0.08, 0.04], "state_vector": [[-1, -1], [-1, 0], [-1, 1], [0, -1], [0, 0], [0, 1], [1, -1], [1, 0], [1, 1]]}, "best_solutions": {"minimum_cost": 4.972000000000001e-05, "minimum_cost_states": [[1, 0]], "minimum_cost_probabilities": [0.08]}, "optimal_gammas": [-14.96894936312642], "optimal_betas": [-133.5088627629345], "optimal_energy_measurement": 0.0528865288}