{"portfolio_holdings": {"labels": ["-1-1", "-10", "-11", "0-1", "00", "01", "1-1", "10", "11"], "counts": [0, 0, 1, 0, 14, 27, 3, 22, 33], "probability": [0.0, 0.0, 0.01, 0.0, 0.14, 0.27, 0.03, 0.22, 0.33], "state_vector": [[-1, -1], [-1, 0], [-1, 1], [0, -1], [0, 0], [0, 1], [1, -1], [1, 0], [1, 1]]}, "best_solutions": {"minimum_cost": 4.972000000000001e-05, "minimum_cost_states": [[1, 0]], "minimum_cost_probabilities": [0.22]}, "optimal_gammas": [1.0546948275619417, 0.40883147958766675, 3.3020597331393615, 8.30373399094334], "optimal_betas": [5.131838101637333, 0.6918923566042479, 3.042625099907312, 2.0780474610214315], "optimal_energy_measurement": 0.0154066718}