{"portfolio_holdings": {"labels": ["-1-1", "-10", "-11", "0-1", "00", "01", "1-1", "10", "11"], "counts": [0, 3, 5, 1, 12, 29, 5, 21, 24], "probability": [0.0, 0.03, 0.05, 0.01, 0.12, 0.29, 0.05, 0.21, 0.24], "state_vector": [[-1, -1], [-1, 0], [-1, 1], [0, -1], [0, 0], [0, 1], [1, -1], [1, 0], [1, 1]]}, "best_solutions": {"minimum_cost": 4.972000000000001e-05, "minimum_cost_states": [[1, 0]], "minimum_cost_probabilities": [0.21]}, "optimal_gammas": [6.261184699417377, 3.631766901604064], "optimal_betas": [5.871552228646505, 2.3432270086999787], "optimal_energy_measurement": 0.0187006796}